Danish,English,PartOfSpeech,Example,Tags,frequency_rank,count,normalized_frequency
og,,,,danish::news_top_500,1,2274,0.048320265187735065
i,,,,danish::news_top_500,2,1728,0.03671830177854274
til,,,,danish::news_top_500,3,1112,0.023628907163043708
for,,,,danish::news_top_500,4,1090,0.023161428783918744
på,,,,danish::news_top_500,5,973,0.020675293767663246
at,,,,danish::news_top_500,6,927,0.01969783897494741
af,,,,danish::news_top_500,7,903,0.019187862561356538
med,,,,danish::news_top_500,8,815,0.017317949044856677
er,,,,danish::news_top_500,9,797,0.01693546673466352
en,,,,danish::news_top_500,10,765,0.016255498183209028
om,,,,danish::news_top_500,11,587,0.012473173115743396
det,,,,danish::news_top_500,12,499,0.010603259599243535
skal,,,,danish::news_top_500,13,487,0.0103482713924481
der,,,,danish::news_top_500,14,471,0.010008287116720851
den,,,,danish::news_top_500,15,430,0.00913707741016978
ny,,,,danish::news_top_500,16,425,0.009030832324005015
har,,,,danish::news_top_500,17,425,0.009030832324005015
fra,,,,danish::news_top_500,18,425,0.009030832324005015
de,,,,danish::news_top_500,19,411,0.008733346082743672
som,,,,danish::news_top_500,20,336,0.0071396697902722
et,,,,danish::news_top_500,21,312,0.006629693376681328
nu,,,,danish::news_top_500,22,308,0.006544697307749516
kan,,,,danish::news_top_500,23,307,0.006523448290516563
nye,,,,danish::news_top_500,24,305,0.006480950256050657
elever,,,,danish::news_top_500,25,281,0.005970973842459786
regeringen,,,,danish::news_top_500,26,262,0.00556724251503368
skoler,,,,danish::news_top_500,27,199,0.004228554429357642
børn,,,,danish::news_top_500,28,198,0.004207305412124689
viser,,,,danish::news_top_500,29,192,0.004079811308726971
flere,,,,danish::news_top_500,30,187,0.003973566222562206
år,,,,danish::news_top_500,31,177,0.003761076050232677
unge,,,,danish::news_top_500,32,169,0.003591083912369053
dagtilbud,,,,danish::news_top_500,33,156,0.003314846688340664
undervisningsministeriet,,,,danish::news_top_500,34,138,0.0029323643781475105
ikke,,,,danish::news_top_500,35,131,0.00278362125751684
vil,,,,danish::news_top_500,36,130,0.002762372240283887
blandt,,,,danish::news_top_500,37,126,0.002677376171352075
nyt,,,,danish::news_top_500,38,123,0.002613629119653216
aftale,,,,danish::news_top_500,39,117,0.0024861350162554982
folkeskolen,,,,danish::news_top_500,40,117,0.0024861350162554982
undervisning,,,,danish::news_top_500,41,116,0.0024648859990225452
mere,,,,danish::news_top_500,42,109,0.002316142878391874
over,,,,danish::news_top_500,43,109,0.002316142878391874
anbefalinger,,,,danish::news_top_500,44,103,0.0021886487749941566
kommuner,,,,danish::news_top_500,45,100,0.0021249017232952976
deres,,,,danish::news_top_500,46,99,0.0021036527060623446
efter,,,,danish::news_top_500,47,96,0.0020399056543634855
får,,,,danish::news_top_500,48,96,0.0020399056543634855
erhvervsuddannelserne,,,,danish::news_top_500,49,94,0.0019974076198975795
styrke,,,,danish::news_top_500,50,91,0.0019336605681987207
alle,,,,danish::news_top_500,51,90,0.0019124115509657677
kroner,,,,danish::news_top_500,52,89,0.001891162533732815
undervisningsområdet,,,,danish::news_top_500,53,89,0.001891162533732815
række,,,,danish::news_top_500,54,86,0.001827415482033956
få,,,,danish::news_top_500,55,85,0.001806166464801003
klar,,,,danish::news_top_500,56,85,0.001806166464801003
kvalitet,,,,danish::news_top_500,57,84,0.00178491744756805
millioner,,,,danish::news_top_500,58,83,0.001763668430335097
styrelsen,,,,danish::news_top_500,59,83,0.001763668430335097
tiltag,,,,danish::news_top_500,60,83,0.001763668430335097
undervisningsministeren,,,,danish::news_top_500,61,82,0.0017424194131021441
ved,,,,danish::news_top_500,62,79,0.001678672361403285
landets,,,,danish::news_top_500,63,79,0.001678672361403285
klasse,,,,danish::news_top_500,64,77,0.001636174326937379
end,,,,danish::news_top_500,65,76,0.001614925309704426
andet,,,,danish::news_top_500,66,76,0.001614925309704426
være,,,,danish::news_top_500,67,75,0.0015936762924714733
bliver,,,,danish::news_top_500,68,75,0.0015936762924714733
hvordan,,,,danish::news_top_500,69,74,0.0015724272752385203
bedre,,,,danish::news_top_500,70,74,0.0015724272752385203
eller,,,,danish::news_top_500,71,73,0.0015511782580055673
gang,,,,danish::news_top_500,72,73,0.0015511782580055673
institutioner,,,,danish::news_top_500,73,72,0.0015299292407726143
dansk,,,,danish::news_top_500,74,69,0.0014661821890737553
lærere,,,,danish::news_top_500,75,69,0.0014661821890737553
flertal,,,,danish::news_top_500,76,68,0.0014449331718408025
danmark,,,,danish::news_top_500,77,67,0.0014236841546078495
marts,,,,danish::news_top_500,78,66,0.0014024351373748965
mulighed,,,,danish::news_top_500,79,65,0.0013811861201419434
mod,,,,danish::news_top_500,80,64,0.0013599371029089904
arbejde,,,,danish::news_top_500,81,64,0.0013599371029089904
hvor,,,,danish::news_top_500,82,64,0.0013599371029089904
sikre,,,,danish::news_top_500,83,64,0.0013599371029089904
op,,,,danish::news_top_500,84,64,0.0013599371029089904
uddannelsesinstitutioner,,,,danish::news_top_500,85,63,0.0013386880856760374
derfor,,,,danish::news_top_500,86,61,0.0012961900512101316
blevet,,,,danish::news_top_500,87,60,0.0012749410339771786
trivsel,,,,danish::news_top_500,88,60,0.0012749410339771786
folkeskolens,,,,danish::news_top_500,89,60,0.0012749410339771786
sig,,,,danish::news_top_500,90,59,0.0012536920167442256
blev,,,,danish::news_top_500,91,57,0.0012111939822783196
tal,,,,danish::news_top_500,92,57,0.0012111939822783196
fortsat,,,,danish::news_top_500,93,56,0.0011899449650453666
to,,,,danish::news_top_500,94,56,0.0011899449650453666
enige,,,,danish::news_top_500,95,56,0.0011899449650453666
komme,,,,danish::news_top_500,96,55,0.0011686959478124136
danske,,,,danish::news_top_500,97,54,0.0011474469305794606
mange,,,,danish::news_top_500,98,54,0.0011474469305794606
tidligere,,,,danish::news_top_500,99,54,0.0011474469305794606
pædagogiske,,,,danish::news_top_500,100,54,0.0011474469305794606
andre,,,,danish::news_top_500,101,53,0.0011261979133465078
men,,,,danish::news_top_500,102,53,0.0011261979133465078
tilbage,,,,danish::news_top_500,103,53,0.0011261979133465078
erhvervsuddannelser,,,,danish::news_top_500,104,53,0.0011261979133465078
se,,,,danish::news_top_500,105,52,0.0011049488961135548
her,,,,danish::news_top_500,106,52,0.0011049488961135548
besluttet,,,,danish::news_top_500,107,52,0.0011049488961135548
undersøgelse,,,,danish::news_top_500,108,52,0.0011049488961135548
også,,,,danish::news_top_500,109,51,0.0010836998788806018
giver,,,,danish::news_top_500,110,51,0.0010836998788806018
indgået,,,,danish::news_top_500,111,51,0.0010836998788806018
rapport,,,,danish::news_top_500,112,51,0.0010836998788806018
eleverne,,,,danish::news_top_500,113,51,0.0010836998788806018
bredt,,,,danish::news_top_500,114,51,0.0010836998788806018
første,,,,danish::news_top_500,115,50,0.0010624508616476488
opdateret,,,,danish::news_top_500,116,50,0.0010624508616476488
ungdomsuddannelser,,,,danish::news_top_500,117,50,0.0010624508616476488
fgu,,,,danish::news_top_500,118,50,0.0010624508616476488
folkeparti,,,,danish::news_top_500,119,50,0.0010624508616476488
kl,,,,danish::news_top_500,120,49,0.0010412018444146958
så,,,,danish::news_top_500,121,49,0.0010412018444146958
frem,,,,danish::news_top_500,122,49,0.0010412018444146958
du,,,,danish::news_top_500,123,48,0.0010199528271817428
grundskoler,,,,danish::news_top_500,124,48,0.0010199528271817428
forsøg,,,,danish::news_top_500,125,47,0.0009987038099487898
undervisningsministeriets,,,,danish::news_top_500,126,47,0.0009987038099487898
genåbning,,,,danish::news_top_500,127,47,0.0009987038099487898
dag,,,,danish::news_top_500,128,46,0.000977454792715837
give,,,,danish::news_top_500,129,46,0.000977454792715837
hele,,,,danish::news_top_500,130,46,0.000977454792715837
kommune,,,,danish::news_top_500,131,46,0.000977454792715837
prøver,,,,danish::news_top_500,132,46,0.000977454792715837
elevernes,,,,danish::news_top_500,133,46,0.000977454792715837
tre,,,,danish::news_top_500,134,45,0.0009562057754828839
når,,,,danish::news_top_500,135,45,0.0009562057754828839
danmarks,,,,danish::news_top_500,136,45,0.0009562057754828839
ekspertgruppe,,,,danish::news_top_500,137,45,0.0009562057754828839
undervisningen,,,,danish::news_top_500,138,45,0.0009562057754828839
udvikling,,,,danish::news_top_500,139,45,0.0009562057754828839
fokus,,,,danish::news_top_500,140,44,0.000934956758249931
januar,,,,danish::news_top_500,141,44,0.000934956758249931
grundskolen,,,,danish::news_top_500,142,44,0.000934956758249931
ordblindhed,,,,danish::news_top_500,143,44,0.000934956758249931
skole,,,,danish::news_top_500,144,44,0.000934956758249931
restriktioner,,,,danish::news_top_500,145,44,0.000934956758249931
faglige,,,,danish::news_top_500,146,43,0.000913707741016978
nationale,,,,danish::news_top_500,147,43,0.000913707741016978
folketinget,,,,danish::news_top_500,148,43,0.000913707741016978
uddannelser,,,,danish::news_top_500,149,43,0.000913707741016978
regler,,,,danish::news_top_500,150,43,0.000913707741016978
læring,,,,danish::news_top_500,151,43,0.000913707741016978
ud,,,,danish::news_top_500,152,42,0.000892458723784025
have,,,,danish::news_top_500,153,42,0.000892458723784025
både,,,,danish::news_top_500,154,42,0.000892458723784025
forlænges,,,,danish::news_top_500,155,42,0.000892458723784025
brug,,,,danish::news_top_500,156,41,0.0008712097065510721
mellem,,,,danish::news_top_500,157,41,0.0008712097065510721
procent,,,,danish::news_top_500,158,40,0.000849960689318119
ungdomsuddannelserne,,,,danish::news_top_500,159,40,0.000849960689318119
blive,,,,danish::news_top_500,160,39,0.000828711672085166
digitale,,,,danish::news_top_500,161,39,0.000828711672085166
kommunerne,,,,danish::news_top_500,162,39,0.000828711672085166
sidste,,,,danish::news_top_500,163,39,0.000828711672085166
partier,,,,danish::news_top_500,164,39,0.000828711672085166
støtte,,,,danish::news_top_500,165,39,0.000828711672085166
folkeskoler,,,,danish::news_top_500,166,39,0.000828711672085166
venstre,,,,danish::news_top_500,167,39,0.000828711672085166
initiativer,,,,danish::news_top_500,168,39,0.000828711672085166
nyhedsbrevet,,,,danish::news_top_500,169,39,0.000828711672085166
muligt,,,,danish::news_top_500,170,38,0.000807462654852213
frie,,,,danish::news_top_500,171,38,0.000807462654852213
skoleåret,,,,danish::news_top_500,172,38,0.000807462654852213
folketingets,,,,danish::news_top_500,173,38,0.000807462654852213
høj,,,,danish::news_top_500,174,37,0.0007862136376192601
går,,,,danish::news_top_500,175,37,0.0007862136376192601
hvis,,,,danish::news_top_500,176,37,0.0007862136376192601
resultater,,,,danish::news_top_500,177,37,0.0007862136376192601
offentliggjort,,,,danish::news_top_500,178,37,0.0007862136376192601
del,,,,danish::news_top_500,179,36,0.0007649646203863071
samtidig,,,,danish::news_top_500,180,36,0.0007649646203863071
evaluering,,,,danish::news_top_500,181,36,0.0007649646203863071
årets,,,,danish::news_top_500,182,35,0.0007437156031533541
indsats,,,,danish::news_top_500,183,35,0.0007437156031533541
erhvervsuddannelse,,,,danish::news_top_500,184,35,0.0007437156031533541
odense,,,,danish::news_top_500,185,35,0.0007437156031533541
næste,,,,danish::news_top_500,186,34,0.0007224665859204012
udfordringer,,,,danish::news_top_500,187,34,0.0007224665859204012
mandag,,,,danish::news_top_500,188,34,0.0007224665859204012
midler,,,,danish::news_top_500,189,34,0.0007224665859204012
retningslinjer,,,,danish::news_top_500,190,34,0.0007224665859204012
indsatser,,,,danish::news_top_500,191,33,0.0007012175686874482
kommer,,,,danish::news_top_500,192,33,0.0007012175686874482
inden,,,,danish::news_top_500,193,33,0.0007012175686874482
december,,,,danish::news_top_500,194,33,0.0007012175686874482
aftalen,,,,danish::news_top_500,195,33,0.0007012175686874482
cirka,,,,danish::news_top_500,196,33,0.0007012175686874482
voksne,,,,danish::news_top_500,197,33,0.0007012175686874482
daginstitutioner,,,,danish::news_top_500,198,33,0.0007012175686874482
udsatte,,,,danish::news_top_500,199,33,0.0007012175686874482
dk,,,,danish::news_top_500,200,33,0.0007012175686874482
fire,,,,danish::news_top_500,201,32,0.0006799685514544952
grønne,,,,danish::news_top_500,202,32,0.0006799685514544952
igen,,,,danish::news_top_500,203,32,0.0006799685514544952
samt,,,,danish::news_top_500,204,32,0.0006799685514544952
arbejdet,,,,danish::news_top_500,205,32,0.0006799685514544952
landet,,,,danish::news_top_500,206,32,0.0006799685514544952
matematik,,,,danish::news_top_500,207,32,0.0006799685514544952
sin,,,,danish::news_top_500,208,31,0.0006587195342215422
fravær,,,,danish::news_top_500,209,31,0.0006587195342215422
endnu,,,,danish::news_top_500,210,31,0.0006587195342215422
søge,,,,danish::news_top_500,211,31,0.0006587195342215422
understøtte,,,,danish::news_top_500,212,31,0.0006587195342215422
erhvervsskoler,,,,danish::news_top_500,213,31,0.0006587195342215422
styrket,,,,danish::news_top_500,214,31,0.0006587195342215422
afsætte,,,,danish::news_top_500,215,31,0.0006587195342215422
uden,,,,danish::news_top_500,216,30,0.0006374705169885893
under,,,,danish::news_top_500,217,30,0.0006374705169885893
længere,,,,danish::news_top_500,218,30,0.0006374705169885893
vejledning,,,,danish::news_top_500,219,30,0.0006374705169885893
hjælpe,,,,danish::news_top_500,220,30,0.0006374705169885893
personale,,,,danish::news_top_500,221,30,0.0006374705169885893
gymnasier,,,,danish::news_top_500,222,30,0.0006374705169885893
vi,,,,danish::news_top_500,223,29,0.0006162214997556363
stort,,,,danish::news_top_500,224,29,0.0006162214997556363
grund,,,,danish::news_top_500,225,29,0.0006162214997556363
plads,,,,danish::news_top_500,226,29,0.0006162214997556363
uddannelse,,,,danish::news_top_500,227,29,0.0006162214997556363
børns,,,,danish::news_top_500,228,29,0.0006162214997556363
udkommer,,,,danish::news_top_500,229,29,0.0006162214997556363
samlet,,,,danish::news_top_500,230,28,0.0005949724825226833
undervisningsminister,,,,danish::news_top_500,231,28,0.0005949724825226833
efterskoler,,,,danish::news_top_500,232,28,0.0005949724825226833
erhvervsuddannelsesområdet,,,,danish::news_top_500,233,28,0.0005949724825226833
følge,,,,danish::news_top_500,234,27,0.0005737234652897303
pulje,,,,danish::news_top_500,235,27,0.0005737234652897303
skolerne,,,,danish::news_top_500,236,27,0.0005737234652897303
børnehaver,,,,danish::news_top_500,237,27,0.0005737234652897303
eud,,,,danish::news_top_500,238,27,0.0005737234652897303
store,,,,danish::news_top_500,239,26,0.0005524744480567774
kommende,,,,danish::news_top_500,240,26,0.0005524744480567774
set,,,,danish::news_top_500,241,26,0.0005524744480567774
man,,,,danish::news_top_500,242,26,0.0005524744480567774
kvaliteten,,,,danish::news_top_500,243,26,0.0005524744480567774
viden,,,,danish::news_top_500,244,26,0.0005524744480567774
test,,,,danish::news_top_500,245,26,0.0005524744480567774
sådan,,,,danish::news_top_500,246,25,0.0005312254308238244
nogle,,,,danish::news_top_500,247,25,0.0005312254308238244
tilskud,,,,danish::news_top_500,248,25,0.0005312254308238244
august,,,,danish::news_top_500,249,25,0.0005312254308238244
område,,,,danish::news_top_500,250,25,0.0005312254308238244
måneden,,,,danish::news_top_500,251,25,0.0005312254308238244
nr,,,,danish::news_top_500,252,25,0.0005312254308238244
vej,,,,danish::news_top_500,253,24,0.0005099764135908714
stor,,,,danish::news_top_500,254,24,0.0005099764135908714
markant,,,,danish::news_top_500,255,24,0.0005099764135908714
mindre,,,,danish::news_top_500,256,24,0.0005099764135908714
forældre,,,,danish::news_top_500,257,24,0.0005099764135908714
hver,,,,danish::news_top_500,258,24,0.0005099764135908714
departementschef,,,,danish::news_top_500,259,24,0.0005099764135908714
særlige,,,,danish::news_top_500,260,24,0.0005099764135908714
antallet,,,,danish::news_top_500,261,24,0.0005099764135908714
sker,,,,danish::news_top_500,262,24,0.0005099764135908714
socialistisk,,,,danish::news_top_500,263,24,0.0005099764135908714
særligt,,,,danish::news_top_500,264,24,0.0005099764135908714
radikale,,,,danish::news_top_500,265,24,0.0005099764135908714
skærpede,,,,danish::news_top_500,266,24,0.0005099764135908714
yderligere,,,,danish::news_top_500,267,24,0.0005099764135908714
bekendtgørelse,,,,danish::news_top_500,268,24,0.0005099764135908714
samme,,,,danish::news_top_500,269,23,0.0004887273963579185
tage,,,,danish::news_top_500,270,23,0.0004887273963579185
sætter,,,,danish::news_top_500,271,23,0.0004887273963579185
haft,,,,danish::news_top_500,272,23,0.0004887273963579185
netop,,,,danish::news_top_500,273,23,0.0004887273963579185
lærepladser,,,,danish::news_top_500,274,23,0.0004887273963579185
gå,,,,danish::news_top_500,275,23,0.0004887273963579185
gymnasiale,,,,danish::news_top_500,276,23,0.0004887273963579185
skolen,,,,danish::news_top_500,277,23,0.0004887273963579185
ordblinde,,,,danish::news_top_500,278,23,0.0004887273963579185
it,,,,danish::news_top_500,279,22,0.0004674783791249655
juni,,,,danish::news_top_500,280,22,0.0004674783791249655
gør,,,,danish::news_top_500,281,22,0.0004674783791249655
digital,,,,danish::news_top_500,282,22,0.0004674783791249655
mens,,,,danish::news_top_500,283,22,0.0004674783791249655
april,,,,danish::news_top_500,284,22,0.0004674783791249655
opgørelse,,,,danish::news_top_500,285,22,0.0004674783791249655
februar,,,,danish::news_top_500,286,22,0.0004674783791249655
samarbejde,,,,danish::news_top_500,287,22,0.0004674783791249655
pædagogisk,,,,danish::news_top_500,288,22,0.0004674783791249655
bekymrende,,,,danish::news_top_500,289,22,0.0004674783791249655
behov,,,,danish::news_top_500,290,22,0.0004674783791249655
åbner,,,,danish::news_top_500,291,22,0.0004674783791249655
løft,,,,danish::news_top_500,292,22,0.0004674783791249655
nedlukning,,,,danish::news_top_500,293,22,0.0004674783791249655
ungdomsuddannelse,,,,danish::news_top_500,294,22,0.0004674783791249655
årligt,,,,danish::news_top_500,295,21,0.0004462293618920125
indsatsen,,,,danish::news_top_500,296,21,0.0004462293618920125
udviklingen,,,,danish::news_top_500,297,21,0.0004462293618920125
sammen,,,,danish::news_top_500,298,21,0.0004462293618920125
deltage,,,,danish::news_top_500,299,21,0.0004462293618920125
fag,,,,danish::news_top_500,300,21,0.0004462293618920125
omstilling,,,,danish::news_top_500,301,21,0.0004462293618920125
offentliggør,,,,danish::news_top_500,302,21,0.0004462293618920125
øget,,,,danish::news_top_500,303,21,0.0004462293618920125
unges,,,,danish::news_top_500,304,21,0.0004462293618920125
skoleår,,,,danish::news_top_500,305,21,0.0004462293618920125
nedsætter,,,,danish::news_top_500,306,21,0.0004462293618920125
vuggestuer,,,,danish::news_top_500,307,21,0.0004462293618920125
nødundervisning,,,,danish::news_top_500,308,21,0.0004462293618920125
smitten,,,,danish::news_top_500,309,21,0.0004462293618920125
inviterer,,,,danish::news_top_500,310,20,0.0004249803446590595
hjælp,,,,danish::news_top_500,311,20,0.0004249803446590595
ind,,,,danish::news_top_500,312,20,0.0004249803446590595
hvad,,,,danish::news_top_500,313,20,0.0004249803446590595
maj,,,,danish::news_top_500,314,20,0.0004249803446590595
penge,,,,danish::news_top_500,315,20,0.0004249803446590595
fælles,,,,danish::news_top_500,316,20,0.0004249803446590595
betyder,,,,danish::news_top_500,317,20,0.0004249803446590595
var,,,,danish::news_top_500,318,20,0.0004249803446590595
sociale,,,,danish::news_top_500,319,20,0.0004249803446590595
dog,,,,danish::news_top_500,320,20,0.0004249803446590595
godt,,,,danish::news_top_500,321,20,0.0004249803446590595
mistrivsel,,,,danish::news_top_500,322,20,0.0004249803446590595
sammenlignet,,,,danish::news_top_500,323,20,0.0004249803446590595
afdelingschef,,,,danish::news_top_500,324,20,0.0004249803446590595
baggrund,,,,danish::news_top_500,325,20,0.0004249803446590595
fase,,,,danish::news_top_500,326,20,0.0004249803446590595
rammerne,,,,danish::news_top_500,327,19,0.0004037313274261065
alt,,,,danish::news_top_500,328,19,0.0004037313274261065
sætte,,,,danish::news_top_500,329,19,0.0004037313274261065
kommunale,,,,danish::news_top_500,330,19,0.0004037313274261065
højere,,,,danish::news_top_500,331,19,0.0004037313274261065
siden,,,,danish::news_top_500,332,19,0.0004037313274261065
stopper,,,,danish::news_top_500,333,19,0.0004037313274261065
led,,,,danish::news_top_500,334,19,0.0004037313274261065
sundhedsstyrelsen,,,,danish::news_top_500,335,19,0.0004037313274261065
udlodningsmidler,,,,danish::news_top_500,336,19,0.0004037313274261065
præsenterer,,,,danish::news_top_500,337,19,0.0004037313274261065
fysisk,,,,danish::news_top_500,338,19,0.0004037313274261065
stuk,,,,danish::news_top_500,339,19,0.0004037313274261065
enhedslisten,,,,danish::news_top_500,340,19,0.0004037313274261065
stigende,,,,danish::news_top_500,341,18,0.00038248231019315357
står,,,,danish::news_top_500,342,18,0.00038248231019315357
fem,,,,danish::news_top_500,343,18,0.00038248231019315357
større,,,,danish::news_top_500,344,18,0.00038248231019315357
stemme,,,,danish::news_top_500,345,18,0.00038248231019315357
været,,,,danish::news_top_500,346,18,0.00038248231019315357
gennem,,,,danish::news_top_500,347,18,0.00038248231019315357
folketingsvalget,,,,danish::news_top_500,348,18,0.00038248231019315357
stigning,,,,danish::news_top_500,349,18,0.00038248231019315357
unilogin,,,,danish::news_top_500,350,18,0.00038248231019315357
oktober,,,,danish::news_top_500,351,18,0.00038248231019315357
oplever,,,,danish::news_top_500,352,18,0.00038248231019315357
indføre,,,,danish::news_top_500,353,18,0.00038248231019315357
finanslov,,,,danish::news_top_500,354,18,0.00038248231019315357
september,,,,danish::news_top_500,355,18,0.00038248231019315357
tilsynsberetning,,,,danish::news_top_500,356,18,0.00038248231019315357
gælder,,,,danish::news_top_500,357,18,0.00038248231019315357
andetsprog,,,,danish::news_top_500,358,18,0.00038248231019315357
kunne,,,,danish::news_top_500,359,17,0.0003612332929602006
havde,,,,danish::news_top_500,360,17,0.0003612332929602006
gøre,,,,danish::news_top_500,361,17,0.0003612332929602006
allerede,,,,danish::news_top_500,362,17,0.0003612332929602006
hverdag,,,,danish::news_top_500,363,17,0.0003612332929602006
virksomheder,,,,danish::news_top_500,364,17,0.0003612332929602006
seneste,,,,danish::news_top_500,365,17,0.0003612332929602006
lokale,,,,danish::news_top_500,366,17,0.0003612332929602006
året,,,,danish::news_top_500,367,17,0.0003612332929602006
minister,,,,danish::news_top_500,368,17,0.0003612332929602006
sikrer,,,,danish::news_top_500,369,17,0.0003612332929602006
fritidstilbud,,,,danish::news_top_500,370,17,0.0003612332929602006
dannelse,,,,danish::news_top_500,371,17,0.0003612332929602006
alternativet,,,,danish::news_top_500,372,17,0.0003612332929602006
genåbningen,,,,danish::news_top_500,373,17,0.0003612332929602006
læringsfestival,,,,danish::news_top_500,374,17,0.0003612332929602006
færre,,,,danish::news_top_500,375,17,0.0003612332929602006
niveau,,,,danish::news_top_500,376,17,0.0003612332929602006
da,,,,danish::news_top_500,377,16,0.0003399842757272476
mener,,,,danish::news_top_500,378,16,0.0003399842757272476
udvikle,,,,danish::news_top_500,379,16,0.0003399842757272476
ekstra,,,,danish::news_top_500,380,16,0.0003399842757272476
hos,,,,danish::news_top_500,381,16,0.0003399842757272476
næsten,,,,danish::news_top_500,382,16,0.0003399842757272476
bruges,,,,danish::news_top_500,383,16,0.0003399842757272476
andelen,,,,danish::news_top_500,384,16,0.0003399842757272476
problemer,,,,danish::news_top_500,385,16,0.0003399842757272476
før,,,,danish::news_top_500,386,16,0.0003399842757272476
hjem,,,,danish::news_top_500,387,16,0.0003399842757272476
ukraine,,,,danish::news_top_500,388,16,0.0003399842757272476
sendt,,,,danish::news_top_500,389,16,0.0003399842757272476
betydning,,,,danish::news_top_500,390,16,0.0003399842757272476
følger,,,,danish::news_top_500,391,16,0.0003399842757272476
mål,,,,danish::news_top_500,392,16,0.0003399842757272476
tesfaye,,,,danish::news_top_500,393,16,0.0003399842757272476
private,,,,danish::news_top_500,394,16,0.0003399842757272476
vinder,,,,danish::news_top_500,395,16,0.0003399842757272476
elevers,,,,danish::news_top_500,396,16,0.0003399842757272476
faglighed,,,,danish::news_top_500,397,16,0.0003399842757272476
antisemitisme,,,,danish::news_top_500,398,16,0.0003399842757272476
lærlinge,,,,danish::news_top_500,399,16,0.0003399842757272476
målrettet,,,,danish::news_top_500,400,16,0.0003399842757272476
undervise,,,,danish::news_top_500,401,16,0.0003399842757272476
evalueringsinstitut,,,,danish::news_top_500,402,16,0.0003399842757272476
årlige,,,,danish::news_top_500,403,16,0.0003399842757272476
regeringens,,,,danish::news_top_500,404,16,0.0003399842757272476
rådet,,,,danish::news_top_500,405,16,0.0003399842757272476
fordrevne,,,,danish::news_top_500,406,16,0.0003399842757272476
pressemøde,,,,danish::news_top_500,407,16,0.0003399842757272476
voksenuddannelser,,,,danish::news_top_500,408,16,0.0003399842757272476
udarbejdet,,,,danish::news_top_500,409,16,0.0003399842757272476
ishøj,,,,danish::news_top_500,410,16,0.0003399842757272476
fagligt,,,,danish::news_top_500,411,16,0.0003399842757272476
generelt,,,,danish::news_top_500,412,16,0.0003399842757272476
praktisk,,,,danish::news_top_500,413,16,0.0003399842757272476
tilsynsplanen,,,,danish::news_top_500,414,16,0.0003399842757272476
videre,,,,danish::news_top_500,415,15,0.00031873525849429466
foreslår,,,,danish::news_top_500,416,15,0.00031873525849429466
møde,,,,danish::news_top_500,417,15,0.00031873525849429466
tid,,,,danish::news_top_500,418,15,0.00031873525849429466
må,,,,danish::news_top_500,419,15,0.00031873525849429466
rammer,,,,danish::news_top_500,420,15,0.00031873525849429466
lettere,,,,danish::news_top_500,421,15,0.00031873525849429466
fået,,,,danish::news_top_500,422,15,0.00031873525849429466
dem,,,,danish::news_top_500,423,15,0.00031873525849429466
bag,,,,danish::news_top_500,424,15,0.00031873525849429466
svarer,,,,danish::news_top_500,425,15,0.00031873525849429466
hjælpemidler,,,,danish::news_top_500,426,15,0.00031873525849429466
politisk,,,,danish::news_top_500,427,15,0.00031873525849429466
løfte,,,,danish::news_top_500,428,15,0.00031873525849429466
mattias,,,,danish::news_top_500,429,15,0.00031873525849429466
søger,,,,danish::news_top_500,430,15,0.00031873525849429466
videnscenter,,,,danish::news_top_500,431,15,0.00031873525849429466
fagskoler,,,,danish::news_top_500,432,15,0.00031873525849429466
kompetencer,,,,danish::news_top_500,433,15,0.00031873525849429466
dagtilbudsområdet,,,,danish::news_top_500,434,15,0.00031873525849429466
resultaterne,,,,danish::news_top_500,435,15,0.00031873525849429466
puljen,,,,danish::news_top_500,436,15,0.00031873525849429466
formandskabet,,,,danish::news_top_500,437,15,0.00031873525849429466
overblikket,,,,danish::news_top_500,438,15,0.00031873525849429466
mv,,,,danish::news_top_500,439,15,0.00031873525849429466
udvides,,,,danish::news_top_500,440,15,0.00031873525849429466
nødpasning,,,,danish::news_top_500,441,15,0.00031873525849429466
formand,,,,danish::news_top_500,442,14,0.00029748624126134165
uge,,,,danish::news_top_500,443,14,0.00029748624126134165
tager,,,,danish::news_top_500,444,14,0.00029748624126134165
overblik,,,,danish::news_top_500,445,14,0.00029748624126134165
stadig,,,,danish::news_top_500,446,14,0.00029748624126134165
fremtiden,,,,danish::news_top_500,447,14,0.00029748624126134165
lancerer,,,,danish::news_top_500,448,14,0.00029748624126134165
fald,,,,danish::news_top_500,449,14,0.00029748624126134165
finde,,,,danish::news_top_500,450,14,0.00029748624126134165
års,,,,danish::news_top_500,451,14,0.00029748624126134165
fysiske,,,,danish::news_top_500,452,14,0.00029748624126134165
trods,,,,danish::news_top_500,453,14,0.00029748624126134165
projekter,,,,danish::news_top_500,454,14,0.00029748624126134165
tirsdag,,,,danish::news_top_500,455,14,0.00029748624126134165
national,,,,danish::news_top_500,456,14,0.00029748624126134165
lovforslag,,,,danish::news_top_500,457,14,0.00029748624126134165
ordblindetesten,,,,danish::news_top_500,458,14,0.00029748624126134165
arbejdsgruppe,,,,danish::news_top_500,459,14,0.00029748624126134165
læsning,,,,danish::news_top_500,460,14,0.00029748624126134165
november,,,,danish::news_top_500,461,14,0.00029748624126134165
finansloven,,,,danish::news_top_500,462,14,0.00029748624126134165
afsætter,,,,danish::news_top_500,463,14,0.00029748624126134165
millionbeløb,,,,danish::news_top_500,464,14,0.00029748624126134165
inspiration,,,,danish::news_top_500,465,14,0.00029748624126134165
aktiviteter,,,,danish::news_top_500,466,14,0.00029748624126134165
smitte,,,,danish::news_top_500,467,14,0.00029748624126134165
sprogvurdering,,,,danish::news_top_500,468,14,0.00029748624126134165
retningslinjerne,,,,danish::news_top_500,469,14,0.00029748624126134165
vende,,,,danish::news_top_500,470,14,0.00029748624126134165
prosa,,,,danish::news_top_500,471,13,0.0002762372240283887
selv,,,,danish::news_top_500,472,13,0.0002762372240283887
borgere,,,,danish::news_top_500,473,13,0.0002762372240283887
fleste,,,,danish::news_top_500,474,13,0.0002762372240283887
dermed,,,,danish::news_top_500,475,13,0.0002762372240283887
skabe,,,,danish::news_top_500,476,13,0.0002762372240283887
begynder,,,,danish::news_top_500,477,13,0.0002762372240283887
anden,,,,danish::news_top_500,478,13,0.0002762372240283887
konsekvenser,,,,danish::news_top_500,479,13,0.0002762372240283887
center,,,,danish::news_top_500,480,13,0.0002762372240283887
øge,,,,danish::news_top_500,481,13,0.0002762372240283887
prøve,,,,danish::news_top_500,482,13,0.0002762372240283887
forslag,,,,danish::news_top_500,483,13,0.0002762372240283887
krav,,,,danish::news_top_500,484,13,0.0002762372240283887
ti,,,,danish::news_top_500,485,13,0.0002762372240283887
pædagoger,,,,danish::news_top_500,486,13,0.0002762372240283887
bidrage,,,,danish::news_top_500,487,13,0.0002762372240283887
epx,,,,danish::news_top_500,488,13,0.0002762372240283887
holocaust,,,,danish::news_top_500,489,13,0.0002762372240283887
socialdemokratiet,,,,danish::news_top_500,490,13,0.0002762372240283887
høring,,,,danish::news_top_500,491,13,0.0002762372240283887
gode,,,,danish::news_top_500,492,13,0.0002762372240283887
gavn,,,,danish::news_top_500,493,13,0.0002762372240283887
forskelle,,,,danish::news_top_500,494,13,0.0002762372240283887
minimumsnormeringer,,,,danish::news_top_500,495,13,0.0002762372240283887
skolestart,,,,danish::news_top_500,496,13,0.0002762372240283887
forberedende,,,,danish::news_top_500,497,13,0.0002762372240283887
grunduddannelse,,,,danish::news_top_500,498,13,0.0002762372240283887
mundbind,,,,danish::news_top_500,499,13,0.0002762372240283887
pernille,,,,danish::news_top_500,500,13,0.0002762372240283887
